都道府県を選択,lat,lon
北海道,43.064359,141.347449,https://bluelock-kc.com/selection/assets/img/illustration_f/bluelock_47_illust_1.webp,https://bluelock-kc.com/selection/assets/img/illustration_b/bluelock_47_illust_1.webp
青森県,40.824294,140.740054,https://bluelock-kc.com/selection/assets/img/illustration_f/bluelock_47_illust_2.webp,https://bluelock-kc.com/selection/assets/img/illustration_b/bluelock_47_illust_2.webp
岩手県,39.70353,141.152667,https://bluelock-kc.com/selection/assets/img/illustration_f/bluelock_47_illust_3.webp,https://bluelock-kc.com/selection/assets/img/illustration_b/bluelock_47_illust_3.webp
宮城県,38.268737,140.872183,https://bluelock-kc.com/selection/assets/img/illustration_f/bluelock_47_illust_4.webp,https://bluelock-kc.com/selection/assets/img/illustration_b/bluelock_47_illust_4.webp
秋田県,39.718175,140.103356,https://bluelock-kc.com/selection/assets/img/illustration_f/bluelock_47_illust_5.webp,https://bluelock-kc.com/selection/assets/img/illustration_b/bluelock_47_illust_5.webp
山形県,38.240127,140.362533,https://bluelock-kc.com/selection/assets/img/illustration_f/bluelock_47_illust_6.webp,https://bluelock-kc.com/selection/assets/img/illustration_b/bluelock_47_illust_6.webp
福島県,37.750146,140.466754,https://bluelock-kc.com/selection/assets/img/illustration_f/bluelock_47_illust_7.webp,https://bluelock-kc.com/selection/assets/img/illustration_b/bluelock_47_illust_7.webp
茨城県,36.341817,140.446796,https://bluelock-kc.com/selection/assets/img/illustration_f/bluelock_47_illust_8.webp,https://bluelock-kc.com/selection/assets/img/illustration_b/bluelock_47_illust_8.webp
栃木県,36.56575,139.883526,https://bluelock-kc.com/selection/assets/img/illustration_f/bluelock_47_illust_9.webp,https://bluelock-kc.com/selection/assets/img/illustration_b/bluelock_47_illust_9.webp
群馬県,36.391205,139.060917,https://bluelock-kc.com/selection/assets/img/illustration_f/bluelock_47_illust_10.webp,https://bluelock-kc.com/selection/assets/img/illustration_b/bluelock_47_illust_10.webp
埼玉県,35.857771,139.647804,https://bluelock-kc.com/selection/assets/img/illustration_f/bluelock_47_illust_11.webp,https://bluelock-kc.com/selection/assets/img/illustration_b/bluelock_47_illust_11.webp
千葉県,35.604563,140.123179,https://bluelock-kc.com/selection/assets/img/illustration_f/bluelock_47_illust_12.webp,https://bluelock-kc.com/selection/assets/img/illustration_b/bluelock_47_illust_12.webp
東京都,35.689185,139.691648,https://bluelock-kc.com/selection/assets/img/illustration_f/bluelock_47_illust_13.webp,https://bluelock-kc.com/selection/assets/img/illustration_b/bluelock_47_illust_13.webp
神奈川県,35.447505,139.642347,https://bluelock-kc.com/selection/assets/img/illustration_f/bluelock_47_illust_14.webp,https://bluelock-kc.com/selection/assets/img/illustration_b/bluelock_47_illust_14.webp
新潟県,37.901699,139.022728,https://bluelock-kc.com/selection/assets/img/illustration_f/bluelock_47_illust_15.webp,https://bluelock-kc.com/selection/assets/img/illustration_b/bluelock_47_illust_15.webp
富山県,36.695274,137.211302,https://bluelock-kc.com/selection/assets/img/illustration_f/bluelock_47_illust_16.webp,https://bluelock-kc.com/selection/assets/img/illustration_b/bluelock_47_illust_16.webp
石川県,36.594729,136.62555,https://bluelock-kc.com/selection/assets/img/illustration_f/bluelock_47_illust_17.webp,https://bluelock-kc.com/selection/assets/img/illustration_b/bluelock_47_illust_17.webp
福井県,36.06522,136.221641,https://bluelock-kc.com/selection/assets/img/illustration_f/bluelock_47_illust_18.webp,https://bluelock-kc.com/selection/assets/img/illustration_b/bluelock_47_illust_18.webp
山梨県,35.665102,138.568985,https://bluelock-kc.com/selection/assets/img/illustration_f/bluelock_47_illust_19.webp,https://bluelock-kc.com/selection/assets/img/illustration_b/bluelock_47_illust_19.webp
長野県,36.651282,138.180972,https://bluelock-kc.com/selection/assets/img/illustration_f/bluelock_47_illust_20.webp,https://bluelock-kc.com/selection/assets/img/illustration_b/bluelock_47_illust_20.webp
岐阜県,35.39116,136.722204,https://bluelock-kc.com/selection/assets/img/illustration_f/bluelock_47_illust_21.webp,https://bluelock-kc.com/selection/assets/img/illustration_b/bluelock_47_illust_21.webp
静岡県,34.976987,138.383057,https://bluelock-kc.com/selection/assets/img/illustration_f/bluelock_47_illust_22.webp,https://bluelock-kc.com/selection/assets/img/illustration_b/bluelock_47_illust_22.webp
愛知県,35.180247,136.906698,https://bluelock-kc.com/selection/assets/img/illustration_f/bluelock_47_illust_23.webp,https://bluelock-kc.com/selection/assets/img/illustration_b/bluelock_47_illust_23.webp
三重県,34.730547,136.50861,https://bluelock-kc.com/selection/assets/img/illustration_f/bluelock_47_illust_24.webp,https://bluelock-kc.com/selection/assets/img/illustration_b/bluelock_47_illust_24.webp
滋賀県,35.004532,135.868588,https://bluelock-kc.com/selection/assets/img/illustration_f/bluelock_47_illust_25.webp,https://bluelock-kc.com/selection/assets/img/illustration_b/bluelock_47_illust_25.webp
京都府,35.0209962,135.7531135,https://bluelock-kc.com/selection/assets/img/illustration_f/bluelock_47_illust_26.webp,https://bluelock-kc.com/selection/assets/img/illustration_b/bluelock_47_illust_26.webp
大阪府,34.686492,135.518992,https://bluelock-kc.com/selection/assets/img/illustration_f/bluelock_47_illust_27.webp,https://bluelock-kc.com/selection/assets/img/illustration_b/bluelock_47_illust_27.webp
兵庫県,34.69128,135.183087,https://bluelock-kc.com/selection/assets/img/illustration_f/bluelock_47_illust_28.webp,https://bluelock-kc.com/selection/assets/img/illustration_b/bluelock_47_illust_28.webp
奈良県,34.685296,135.832745,https://bluelock-kc.com/selection/assets/img/illustration_f/bluelock_47_illust_29.webp,https://bluelock-kc.com/selection/assets/img/illustration_b/bluelock_47_illust_29.webp
和歌山県,34.224806,135.16795,https://bluelock-kc.com/selection/assets/img/illustration_f/bluelock_47_illust_30.webp,https://bluelock-kc.com/selection/assets/img/illustration_b/bluelock_47_illust_30.webp
鳥取県,35.503463,134.238258,https://bluelock-kc.com/selection/assets/img/illustration_f/bluelock_47_illust_31.webp,https://bluelock-kc.com/selection/assets/img/illustration_b/bluelock_47_illust_31.webp
島根県,35.472248,133.05083,https://bluelock-kc.com/selection/assets/img/illustration_f/bluelock_47_illust_32.webp,https://bluelock-kc.com/selection/assets/img/illustration_b/bluelock_47_illust_32.webp
岡山県,34.66132,133.934414,https://bluelock-kc.com/selection/assets/img/illustration_f/bluelock_47_illust_33.webp,https://bluelock-kc.com/selection/assets/img/illustration_b/bluelock_47_illust_33.webp
広島県,34.396033,132.459595,https://bluelock-kc.com/selection/assets/img/illustration_f/bluelock_47_illust_34.webp,https://bluelock-kc.com/selection/assets/img/illustration_b/bluelock_47_illust_34.webp
山口県,34.185648,131.470755,https://bluelock-kc.com/selection/assets/img/illustration_f/bluelock_47_illust_35.webp,https://bluelock-kc.com/selection/assets/img/illustration_b/bluelock_47_illust_35.webp
徳島県,34.065732,134.559293,https://bluelock-kc.com/selection/assets/img/illustration_f/bluelock_47_illust_36.webp,https://bluelock-kc.com/selection/assets/img/illustration_b/bluelock_47_illust_36.webp
香川県,34.34014,134.04297,https://bluelock-kc.com/selection/assets/img/illustration_f/bluelock_47_illust_37.webp,https://bluelock-kc.com/selection/assets/img/illustration_b/bluelock_47_illust_37.webp
愛媛県,33.841649,132.76585,https://bluelock-kc.com/selection/assets/img/illustration_f/bluelock_47_illust_38.webp,https://bluelock-kc.com/selection/assets/img/illustration_b/bluelock_47_illust_38.webp
高知県,33.55969,133.530887,https://bluelock-kc.com/selection/assets/img/illustration_f/bluelock_47_illust_39.webp,https://bluelock-kc.com/selection/assets/img/illustration_b/bluelock_47_illust_39.webp
福岡県,33.606767,130.418228,https://bluelock-kc.com/selection/assets/img/illustration_f/bluelock_47_illust_40.webp,https://bluelock-kc.com/selection/assets/img/illustration_b/bluelock_47_illust_40.webp
佐賀県,33.249367,130.298822,https://bluelock-kc.com/selection/assets/img/illustration_f/bluelock_47_illust_41.webp,https://bluelock-kc.com/selection/assets/img/illustration_b/bluelock_47_illust_41.webp
長崎県,32.744542,129.873037,https://bluelock-kc.com/selection/assets/img/illustration_f/bluelock_47_illust_42.webp,https://bluelock-kc.com/selection/assets/img/illustration_b/bluelock_47_illust_42.webp
熊本県,32.790385,130.742345,https://bluelock-kc.com/selection/assets/img/illustration_f/bluelock_47_illust_43.webp,https://bluelock-kc.com/selection/assets/img/illustration_b/bluelock_47_illust_43.webp
大分県,33.2382,131.612674,https://bluelock-kc.com/selection/assets/img/illustration_f/bluelock_47_illust_44.webp,https://bluelock-kc.com/selection/assets/img/illustration_b/bluelock_47_illust_44.webp
宮崎県,31.91109,131.423855,https://bluelock-kc.com/selection/assets/img/illustration_f/bluelock_47_illust_45.webp,https://bluelock-kc.com/selection/assets/img/illustration_b/bluelock_47_illust_45.webp
鹿児島県,31.560219,130.557906,https://bluelock-kc.com/selection/assets/img/illustration_f/bluelock_47_illust_46.webp,https://bluelock-kc.com/selection/assets/img/illustration_b/bluelock_47_illust_46.webp
沖縄県,26.211538,127.681115,https://bluelock-kc.com/selection/assets/img/illustration_f/bluelock_47_illust_47.webp,https://bluelock-kc.com/selection/assets/img/illustration_b/bluelock_47_illust_47.webp